eeg_id,seizure_vote,lpd_vote,gpd_vote,lrda_vote,grda_vote,other_vote
3911565283,0.04044352,0.14717878,0.0013701302,0.638389,0.05402976,0.118588835
